{"\u591a\u6cbb\u6bd4": [34.68194444444444, 132.66722222222222], "\u5357\u539f": [34.54055555555556, 132.5013888888889], "\u5411\u539f": [34.60730555555556, 132.70333333333332], "\u4e0a\u7532\u7acb": [34.708333333333336, 132.73944444444444], "\u4e0a\u5b89": [34.46930555555556, 132.45999999999998], "\u77f3\u539f": [34.37530555555556, 132.54555555555555], "\u5ca1\u30ce\u4e0b": [34.36666666666667, 132.33472222222224], "\u5927\u9808": [34.39694444444444, 132.5], "\u4e80\u5c71": [34.52294444444444, 132.49666666666664], "\u4e09\u5165\u5357": [34.53777777777778, 132.5175], "\u702c\u91ce": [34.42205555555555, 132.605], "\u4e0b\u539f": [34.823638888888894, 132.68166666666664], "\u9580\u7530": [34.76694444444444, 132.71722222222223], "\u83c5\u6ca2": [34.48097222222222, 132.25861111111112], "\u77f3\u5185": [34.41211111111111, 132.3675], "\u5449\u5730": [34.32466666666667, 132.58472222222224], "\u5411\u7530": [34.5625, 132.43472222222223], "\u4e45\u5730": [34.51916666666666, 132.40027777777777], "\u753a\u7530": [34.246944444444445, 132.61777777777775], "\u4e8c\u6cb3": [34.25544444444444, 132.5602777777778], "\u60e3\u5f15\u8c37": [34.30277777777778, 132.61805555555557], "\u5bae\u5185": [34.340444444444444, 132.29444444444445], "\u5e73\u826f": [34.35475, 132.32861111111112], "\u6c34\u30ce\u8d8a": [34.29411111111111, 132.275], "\u77f3\u4e95\u8c37": [34.660555555555554, 132.53333333333333], "\u6625\u6728": [34.68405555555555, 132.5263888888889], "\u5927\u671d": [34.77166666666667, 132.45138888888889], "\u5931\u5e73": [34.45305555555556, 132.85027777777776], "\u98a8\u65e9": [34.314027777777774, 132.78583333333333], "\u65b0\u5e84": [34.38422222222222, 132.8838888888889], "\u4e0b\u91ce": [34.353500000000004, 132.90416666666667], "\u6cb3\u6238": [34.498444444444445, 132.82444444444445], "\u4e2d\u5cf6": [34.44499999999999, 132.78416666666666], "\u6a0b\u30ce\u8a70": [34.35638888888889, 132.71694444444444], "\u677e\u30f6\u702c": [34.323055555555555, 132.66722222222222], "\u4e0b\u898b": [34.422777777777775, 132.7336111111111], "\u4e09\u6d25": [34.32916666666667, 132.81722222222223], "\u7af9\u539f": [34.33527777777778, 132.9], "\u53e4\u6cb3": [34.388777777777776, 132.71194444444444], "\u5fa1\u8597\u5b87": [34.397777777777776, 132.7336111111111], "\u99c5\u5bb6\u4e2d\u5cf6": [34.55027777777777, 133.31694444444443], "\u702c\u6238\u5c71\u5317": [34.47222222222222, 133.3011111111111], "\u897f\u4e2d\u6761": [34.56388888888888, 133.37055555555557], "\u4e2d\u91ce": [34.5675, 133.34416666666667], "\u798f\u7530": [34.534166666666664, 133.28722222222223], "\u4e07\u80fd\u5009": [34.54694444444444, 133.3336111111111], "\u4e0a\u5b89\u4e95": [34.587500000000006, 133.26666666666668], "\u5927\u9ed2": [34.57680555555556, 133.22694444444446], "\u4eca\u6d25": [34.462500000000006, 133.2486111111111], "\u5927\u6a4b": [34.53558333333333, 133.31472222222223], "\u65b0\u5e02\u5bae\u5185": [34.565666666666665, 133.2775], "\u6cbc\u9688": [34.39030555555556, 133.31833333333333], "\u5c71\u91ce": [34.65402777777778, 133.39138888888888], "\u53e4\u5e02": [34.54666666666667, 133.3836111111111], "\u5e9c\u4e2d\u7802\u5ddd": [34.57694444444445, 133.23944444444444], "\u6d25\u4e4b\u90f7": [34.48111111111111, 133.31666666666666], "\u677e\u6c38": [34.45472222222222, 133.2513888888889], "\u624b\u57ce": [34.509166666666665, 133.41305555555556], "\u670d\u90e8": [34.58277777777778, 133.3011111111111], "\u4e8c\u68ee": [34.70263888888889, 133.13694444444442], "\u897f\u5bae": [34.40222222222222, 133.06694444444443], "\u67f3\u4e95\u6a4b": [34.45363888888889, 133.2011111111111], "\u6cbc\u7530\u6771": [34.382111111111115, 133.01666666666668], "\u5357\u65b9": [34.40544444444444, 132.9688888888889], "\u672c\u90f7(\u4e09\u539f)": [34.408138888888885, 132.99694444444444], "\u83c5\u5ddd\u6a4b": [34.43336111111111, 132.97722222222222], "\u7f8e\u4e4b\u90f7": [34.44766666666666, 133.1577777777778], "\u4e2d\u4e4b\u753a": [34.40888888888889, 133.08472222222224], "\u690b\u68a8": [34.53433333333333, 132.87833333333333], "\u5341\u65e5\u5e02": [34.80138888888889, 132.8511111111111], "\u4e0b\u5fd7\u548c\u5730": [34.728722222222224, 132.82083333333333], "\u5ca1\u7530": [34.77027777777778, 132.93138888888888], "\u4e09\u7389": [34.73388888888889, 132.98833333333332], "\u5c0f\u7530\u5e78": [34.76133333333333, 132.90416666666667], "\u4e0a\u58f1": [34.650666666666666, 132.8622222222222], "\u548c\u77e5": [34.80933333333333, 132.93166666666664], "\u5c0f\u6587": [34.83455555555556, 132.85416666666666], "\u85e4\u517c": [34.85927777777778, 132.84583333333333], "\u4e0b\u5e03\u91ce": [34.86497222222222, 132.7927777777778], "\u897f\u57ce": [34.943305555555554, 133.12194444444447], "\u6771\u57ce": [34.88605555555556, 133.27666666666667], "\u6238\u90f7\u5ddd": [34.85, 133.0013888888889], "\u6bd4\u548c": [34.98308333333333, 132.9861111111111], "\u9ad8": [34.9, 133.06805555555556], "\u672c\u90f7(\u5eff\u65e5\u5e02)": [34.33638888888889, 132.1338888888889], "\u91dc\u30f6\u539f": [34.285555555555554, 132.1338888888889], "\u5ca9\u5009": [34.37388888888889, 132.15027777777777], "\u767d\u5ddd": [34.42944444444444, 132.30083333333334], "\u5c0f\u6df1\u5ddd": [34.40416666666667, 132.35027777777776], "\u4e2d\u5730": [34.38194444444444, 132.3511111111111], "\u5e02\u539f": [34.29416666666666, 132.7], "\u548c\u6728": [34.51611111111111, 132.91666666666666], "\u5965\u6761": [34.481388888888894, 132.88472222222222], "\u4e2d\u6cb3\u5185": [34.473888888888894, 132.87944444444446], "\u8239\u6728": [34.42722222222222, 132.96694444444444], "\u4e03\u5b9d": [34.401944444444446, 133.01805555555558], "\u7532\u5c71": [34.58444444444444, 133.05083333333334], "\u99c5\u524d": [34.63, 133.10083333333333], "\u524d\u539f": [34.559999999999995, 133.21666666666667], "\u4e03\u793e": [34.525, 133.3336111111111], "\u5927\u8c37\u6c60": [34.60888888888889, 133.3175], "\u767e\u8c37": [34.60444444444445, 133.31777777777776], "\u6cbc": [34.54555555555555, 133.33472222222224], "\u52a0\u8302": [34.58861111111111, 133.35055555555556], "\u7a2e": [34.611666666666665, 133.3336111111111], "\u51fa\u96f2": [34.59, 133.35055555555556], "\u4e38\u9580\u7530": [34.49722222222222, 133.10083333333333], "\u5e02": [34.51305555555555, 133.13416666666666], "\u4f0a\u5c3e": [34.62916666666667, 133.085], "\u9752\u8fd1": [34.636944444444445, 133.06805555555556], "\u4e0a\u4e2d": [34.415, 132.36805555555557], "\u9ad8\u4e95": [34.3925, 132.3513888888889], "\u4eca\u7530": [34.50388888888889, 133.08444444444444], "\u4e09\u7be0\u6a4b(\u56fd)": [34.407222222222224, 132.45055555555555], "\u6c5f\u6ce2(\u65e7\u592a\u7530\u5ddd)(\u56fd)": [34.361666666666665, 132.41805555555555], "\u53e4\u5ddd(\u56fd)": [34.45388888888889, 132.46722222222223], "\u4e0a\u539f\u6a4b(\u56fd)": [34.5125, 132.5011111111111], "\u65b0\u5ddd\u6a4b(\u56fd)": [34.507777777777775, 132.5013888888889], "\u767d\u6728(\u56fd)": [34.552499999999995, 132.65083333333334], "\u4e2d\u6df1\u5ddd(\u56fd)": [34.48388888888889, 132.51805555555558], "\u4e0a\u5e84(\u56fd)": [34.48972222222222, 132.51777777777778], "\u6e6f\u6765(\u56fd)": [34.52444444444444, 132.3013888888889], "\u571f\u5c45(\u56fd)": [34.57361111111111, 132.21805555555557], "\u52a0\u8a08(\u56fd)": [34.60888888888889, 132.31694444444443], "\u98ef\u5ba4(\u56fd)": [34.53527777777778, 132.43333333333334], "\u4e2d\u91ce(\u56fd)": [34.50888888888889, 132.50083333333333], "\u7396\u6751(\u56fd)": [34.48416666666667, 132.50083333333333], "\u77e2\u53e3\u7b2c\u4e8c(\u56fd)": [34.471111111111114, 132.48444444444442], "\u77e2\u53e3\u7b2c\u4e00(\u56fd)": [34.461666666666666, 132.48416666666665], "\u9577\u548c\u4e45(\u56fd)": [34.42638888888889, 132.4511111111111], "\u7947\u5712\u5927\u6a4b(\u56fd)": [34.42388888888889, 132.45083333333332], "\u8349\u6d25(\u56fd)": [34.36277777777778, 132.40027777777777], "\u9ed2\u6edd(\u56fd)": [34.66833333333333, 132.28472222222223], "\u6edd\u5c71(\u56fd)": [34.62361111111111, 132.31666666666666], "\u5f8c\u5e73(\u56fd)": [34.625277777777775, 132.3],